host,ip,port,protocol,title,domain,country,city,link,as_organization
144.24.87.69:50001,144.24.87.69,50001,http,,,KR,Chuncheon,http://144.24.87.69:50001,ORACLE-BMC-31898
132.145.90.57:88,132.145.90.57,88,http,,,KR,Seoul,http://132.145.90.57:88,ORACLE-BMC-31898
8.213.158.196:3001,8.213.158.196,3001,http,403 Forbidden,,KR,Seoul,http://8.213.158.196:3001,"Alibaba US Technology Co., Ltd."
8.213.158.196:3001,8.213.158.196,3001,http,,,KR,Seoul,http://8.213.158.196:3001,"Alibaba US Technology Co., Ltd."
158.180.82.203:8443,158.180.82.203,8443,http,,,KR,Chuncheon,http://158.180.82.203:8443,ORACLE-BMC-31898
https://193.122.114.63:8443,193.122.114.63,8443,https,,,KR,Seoul,https://193.122.114.63:8443,ORACLE-BMC-31898
https://144.24.90.133:8443,144.24.90.133,8443,https,,,KR,Chuncheon,https://144.24.90.133:8443,ORACLE-BMC-31898
https://193.122.100.41:8443,193.122.100.41,8443,https,403 Forbidden,,KR,Seoul,https://193.122.100.41:8443,ORACLE-BMC-31898
https://193.122.100.41:8443,193.122.100.41,8443,https,,,KR,Seoul,https://193.122.100.41:8443,ORACLE-BMC-31898
https://146.56.190.143:8443,146.56.190.143,8443,https,,,KR,Seoul,https://146.56.190.143:8443,ORACLE-BMC-31898
https://193.122.120.252:8443,193.122.120.252,8443,https,400 The plain HTTP request was sent to HTTPS port,,KR,Seoul,https://193.122.120.252:8443,ORACLE-BMC-31898
https://152.67.209.53:8443,152.67.209.53,8443,https,,,KR,Chuncheon,https://152.67.209.53:8443,ORACLE-BMC-31898
https://193.122.120.252:8443,193.122.120.252,8443,https,,,KR,Seoul,https://193.122.120.252:8443,ORACLE-BMC-31898
https://152.70.244.6:8443,152.70.244.6,8443,https,400 The plain HTTP request was sent to HTTPS port,,KR,Seoul,https://152.70.244.6:8443,ORACLE-BMC-31898
https://152.70.244.6:8443,152.70.244.6,8443,https,,,KR,Seoul,https://152.70.244.6:8443,ORACLE-BMC-31898
https://131.186.23.141:82,131.186.23.141,82,https,,,KR,Seoul,https://131.186.23.141:82,ORACLE-BMC-31898
https://193.122.98.74:8080,193.122.98.74,8080,https,,,KR,Seoul,https://193.122.98.74:8080,ORACLE-BMC-31898
152.67.223.108:8105,152.67.223.108,8105,http,,,KR,Chuncheon,http://152.67.223.108:8105,ORACLE-BMC-31898
138.2.113.148:888,138.2.113.148,888,http,,,KR,Chuncheon,http://138.2.113.148:888,ORACLE-BMC-31898
https://146.56.173.92:10002,146.56.173.92,10002,https,,,KR,Seoul,https://146.56.173.92:10002,ORACLE-BMC-31898
144.24.72.93:587,144.24.72.93,587,http,,,KR,Chuncheon,http://144.24.72.93:587,ORACLE-BMC-31898
140.238.11.169:587,140.238.11.169,587,http,,,KR,Seoul,http://140.238.11.169:587,ORACLE-BMC-31898
140.238.2.81:587,140.238.2.81,587,http,,,KR,Seoul,http://140.238.2.81:587,ORACLE-BMC-31898
https://132.226.22.3:9999,132.226.22.3,9999,https,,,KR,Seoul,https://132.226.22.3:9999,ORACLE-BMC-31898
https://140.238.31.125:10443,140.238.31.125,10443,https,,,KR,Seoul,https://140.238.31.125:10443,ORACLE-BMC-31898
131.186.24.124:587,131.186.24.124,587,http,,,KR,Seoul,http://131.186.24.124:587,ORACLE-BMC-31898
138.2.127.24:587,138.2.127.24,587,http,,,KR,Chuncheon,http://138.2.127.24:587,ORACLE-BMC-31898
https://152.67.201.202:9999,152.67.201.202,9999,https,,,KR,Chuncheon,https://152.67.201.202:9999,ORACLE-BMC-31898
8.220.245.218:587,8.220.245.218,587,http,,,KR,Seoul,http://8.220.245.218:587,"Alibaba US Technology Co., Ltd."
132.226.20.13:587,132.226.20.13,587,http,,,KR,Seoul,http://132.226.20.13:587,ORACLE-BMC-31898
https://132.226.232.194:444,132.226.232.194,444,https,,,KR,Seoul,https://132.226.232.194:444,ORACLE-BMC-31898
146.56.173.92:10001,146.56.173.92,10001,http,,,KR,Seoul,http://146.56.173.92:10001,ORACLE-BMC-31898
129.154.199.163:9443,129.154.199.163,9443,http,,,KR,Seoul,http://129.154.199.163:9443,ORACLE-BMC-31898
https://152.69.224.139:7443,152.69.224.139,7443,https,,,KR,Chuncheon,https://152.69.224.139:7443,ORACLE-BMC-31898
152.69.224.246:587,152.69.224.246,587,http,,,KR,Chuncheon,http://152.69.224.246:587,ORACLE-BMC-31898
158.180.82.228:1024,158.180.82.228,1024,http,,,KR,Chuncheon,http://158.180.82.228:1024,ORACLE-BMC-31898
158.180.86.24:7443,158.180.86.24,7443,http,,,KR,Chuncheon,http://158.180.86.24:7443,ORACLE-BMC-31898
152.69.227.97:587,152.69.227.97,587,http,,,KR,Chuncheon,http://152.69.227.97:587,ORACLE-BMC-31898
https://146.56.173.92:10000,146.56.173.92,10000,https,,,KR,Seoul,https://146.56.173.92:10000,ORACLE-BMC-31898
https://132.226.238.191:10002,132.226.238.191,10002,https,,,KR,Seoul,https://132.226.238.191:10002,ORACLE-BMC-31898
152.70.89.135:587,152.70.89.135,587,http,,,KR,Seoul,http://152.70.89.135:587,ORACLE-BMC-31898
193.123.233.143:2083,193.123.233.143,2083,http,,,KR,Seoul,http://193.123.233.143:2083,ORACLE-BMC-31898
https://52fancy.win:8888,132.226.16.83,8888,https,301 Moved Permanently,52fancy.win,KR,Seoul,https://52fancy.win:8888,ORACLE-BMC-31898
146.56.41.69:2052,146.56.41.69,2052,http,,,KR,Seoul,http://146.56.41.69:2052,ORACLE-BMC-31898
https://140.238.19.121:7878,140.238.19.121,7878,https,,,KR,Seoul,https://140.238.19.121:7878,ORACLE-BMC-31898
https://140.238.19.121:7878,140.238.19.121,7878,https,403 Forbidden,,KR,Seoul,https://140.238.19.121:7878,ORACLE-BMC-31898
131.186.30.44:2053,131.186.30.44,2053,http,,,KR,Seoul,http://131.186.30.44:2053,ORACLE-BMC-31898
https://193.123.251.50:8080,193.123.251.50,8080,https,,,KR,Seoul,https://193.123.251.50:8080,ORACLE-BMC-31898
140.238.8.180:8080,140.238.8.180,8080,http,,,KR,Seoul,http://140.238.8.180:8080,ORACLE-BMC-31898
https://146.56.177.247:8080,146.56.177.247,8080,https,,,KR,Seoul,https://146.56.177.247:8080,ORACLE-BMC-31898
140.238.19.30:8181,140.238.19.30,8181,http,,,KR,Seoul,http://140.238.19.30:8181,ORACLE-BMC-31898
146.56.133.140:2083,146.56.133.140,2083,http,,,KR,Seoul,http://146.56.133.140:2083,ORACLE-BMC-31898
132.145.90.129:8181,132.145.90.129,8181,http,,,KR,Seoul,http://132.145.90.129:8181,ORACLE-BMC-31898
https://144.24.87.34:8081,144.24.87.34,8081,https,,,KR,Chuncheon,https://144.24.87.34:8081,ORACLE-BMC-31898
https://138.2.117.210:2082,138.2.117.210,2082,https,,,KR,Chuncheon,https://138.2.117.210:2082,ORACLE-BMC-31898
131.186.30.44:2082,131.186.30.44,2082,http,,,KR,Seoul,http://131.186.30.44:2082,ORACLE-BMC-31898
https://129.154.217.172:3306,129.154.217.172,3306,https,,,KR,Seoul,https://129.154.217.172:3306,ORACLE-BMC-31898
https://kimlv.duckdns.org:10000,146.56.173.92,10000,https,403 Forbidden,kimlv.duckdns.org,KR,Seoul,https://kimlv.duckdns.org:10000,ORACLE-BMC-31898
https://140.238.12.220:2053,140.238.12.220,2053,https,,,KR,Seoul,https://140.238.12.220:2053,ORACLE-BMC-31898
132.145.91.171:8443,132.145.91.171,8443,http,,,KR,Seoul,http://132.145.91.171:8443,ORACLE-BMC-31898
https://129.154.206.215:8443,129.154.206.215,8443,https,,,KR,Seoul,https://129.154.206.215:8443,ORACLE-BMC-31898
132.145.89.35:6688,132.145.89.35,6688,http,,,KR,Seoul,http://132.145.89.35:6688,ORACLE-BMC-31898
https://144.24.64.95:6686,144.24.64.95,6686,https,403 Forbidden,,KR,Chuncheon,https://144.24.64.95:6686,ORACLE-BMC-31898
https://144.24.64.95:6686,144.24.64.95,6686,https,,,KR,Chuncheon,https://144.24.64.95:6686,ORACLE-BMC-31898
131.186.30.44:2086,131.186.30.44,2086,http,,,KR,Seoul,http://131.186.30.44:2086,ORACLE-BMC-31898
131.186.30.44:8880,131.186.30.44,8880,http,,,KR,Seoul,http://131.186.30.44:8880,ORACLE-BMC-31898
131.186.30.44:8880,131.186.30.44,8880,http,,,KR,Seoul,http://131.186.30.44:8880,ORACLE-BMC-31898
146.56.41.69:2086,146.56.41.69,2086,http,,,KR,Seoul,http://146.56.41.69:2086,ORACLE-BMC-31898
152.67.212.251:3000,152.67.212.251,3000,http,,,KR,Chuncheon,http://152.67.212.251:3000,ORACLE-BMC-31898
https://132.226.228.13:4433,132.226.228.13,4433,https,,,KR,Seoul,https://132.226.228.13:4433,ORACLE-BMC-31898
146.56.133.140:2096,146.56.133.140,2096,http,,,KR,Seoul,http://146.56.133.140:2096,ORACLE-BMC-31898
8.220.213.84:9001,8.220.213.84,9001,http,,,KR,Seoul,http://8.220.213.84:9001,"Alibaba US Technology Co., Ltd."
https://132.226.233.227:6666,132.226.233.227,6666,https,403 Forbidden,,KR,Seoul,https://132.226.233.227:6666,ORACLE-BMC-31898
140.238.10.181:3000,140.238.10.181,3000,http,,,KR,Seoul,http://140.238.10.181:3000,ORACLE-BMC-31898
130.162.159.23:3000,130.162.159.23,3000,http,,,KR,Seoul,http://130.162.159.23:3000,ORACLE-BMC-31898
130.162.159.23:3000,130.162.159.23,3000,http,AKTV 高清高速數碼電視轉播站,,KR,Seoul,http://130.162.159.23:3000,ORACLE-BMC-31898
130.162.157.187:3000,130.162.157.187,3000,http,,,KR,Seoul,http://130.162.157.187:3000,ORACLE-BMC-31898
146.56.149.103:3000,146.56.149.103,3000,http,,,KR,Seoul,http://146.56.149.103:3000,ORACLE-BMC-31898
https://132.226.16.83:8888,132.226.16.83,8888,https,,,KR,Seoul,https://132.226.16.83:8888,ORACLE-BMC-31898
158.180.90.110:3000,158.180.90.110,3000,http,,,KR,Chuncheon,http://158.180.90.110:3000,ORACLE-BMC-31898
193.123.233.143:2096,193.123.233.143,2096,http,,,KR,Seoul,http://193.123.233.143:2096,ORACLE-BMC-31898
https://52fancy.win:8888,132.226.16.83,8888,https,,52fancy.win,KR,Seoul,https://52fancy.win:8888,ORACLE-BMC-31898
https://132.226.16.83:8888,132.226.16.83,8888,https,,,KR,Seoul,https://132.226.16.83:8888,ORACLE-BMC-31898
146.56.169.86:2086,146.56.169.86,2086,http,,,KR,Seoul,http://146.56.169.86:2086,ORACLE-BMC-31898
193.122.125.14:8880,193.122.125.14,8880,http,,,KR,Seoul,http://193.122.125.14:8880,ORACLE-BMC-31898
https://152.69.224.139:7443,152.69.224.139,7443,https,403 Forbidden,,KR,Chuncheon,https://152.69.224.139:7443,ORACLE-BMC-31898
https://193.123.236.90:2096,193.123.236.90,2096,https,,,KR,Seoul,https://193.123.236.90:2096,ORACLE-BMC-31898
146.56.146.130:8800,146.56.146.130,8800,http,,,KR,Seoul,http://146.56.146.130:8800,ORACLE-BMC-31898
https://138.2.122.57:8880,138.2.122.57,8880,https,,,KR,Chuncheon,https://138.2.122.57:8880,ORACLE-BMC-31898
https://129.154.203.134:9,129.154.203.134,9,https,,,KR,Seoul,https://129.154.203.134:9,ORACLE-BMC-31898
146.56.179.20:8000,146.56.179.20,8000,http,,,KR,Seoul,http://146.56.179.20:8000,ORACLE-BMC-31898
138.2.113.148:888,138.2.113.148,888,http,,,KR,Chuncheon,http://138.2.113.148:888,ORACLE-BMC-31898
https://140.238.10.54:4567,140.238.10.54,4567,https,,,KR,Seoul,https://140.238.10.54:4567,ORACLE-BMC-31898
146.56.39.148:9527,146.56.39.148,9527,http,,,KR,Seoul,http://146.56.39.148:9527,ORACLE-BMC-31898
146.56.42.21:7777,146.56.42.21,7777,http,,,KR,Seoul,http://146.56.42.21:7777,ORACLE-BMC-31898
https://146.56.44.226:55555,146.56.44.226,55555,https,403 Forbidden,,KR,Seoul,https://146.56.44.226:55555,ORACLE-BMC-31898
146.56.44.226:55555,146.56.44.226,55555,http,,,KR,Seoul,http://146.56.44.226:55555,ORACLE-BMC-31898
https://152.70.88.194:5556,152.70.88.194,5556,https,403 Forbidden,,KR,Seoul,https://152.70.88.194:5556,ORACLE-BMC-31898
https://152.70.88.194:5556,152.70.88.194,5556,https,,,KR,Seoul,https://152.70.88.194:5556,ORACLE-BMC-31898
146.56.191.197:8080,146.56.191.197,8080,http,,,KR,Seoul,http://146.56.191.197:8080,ORACLE-BMC-31898
193.123.246.134:8000,193.123.246.134,8000,http,,,KR,Seoul,http://193.123.246.134:8000,ORACLE-BMC-31898
132.145.90.57:88,132.145.90.57,88,http,,,KR,Seoul,http://132.145.90.57:88,ORACLE-BMC-31898
https://144.24.90.133:8443,144.24.90.133,8443,https,403 Forbidden,,KR,Chuncheon,https://144.24.90.133:8443,ORACLE-BMC-31898
130.162.133.152:1234,130.162.133.152,1234,http,,,KR,Seoul,http://130.162.133.152:1234,ORACLE-BMC-31898
140.238.10.240:50001,140.238.10.240,50001,http,,,KR,Seoul,http://140.238.10.240:50001,ORACLE-BMC-31898
140.238.10.240:50001,140.238.10.240,50001,http,,,KR,Seoul,http://140.238.10.240:50001,ORACLE-BMC-31898
https://131.186.23.141:82,131.186.23.141,82,https,403 Forbidden,,KR,Seoul,https://131.186.23.141:82,ORACLE-BMC-31898
https://129.154.219.146:5089,129.154.219.146,5089,https,403 Forbidden,,KR,Seoul,https://129.154.219.146:5089,ORACLE-BMC-31898
https://129.154.219.146:5089,129.154.219.146,5089,https,,,KR,Seoul,https://129.154.219.146:5089,ORACLE-BMC-31898
https://132.226.232.194:444,132.226.232.194,444,https,403 Forbidden,,KR,Seoul,https://132.226.232.194:444,ORACLE-BMC-31898
https://146.56.39.148:9527,146.56.39.148,9527,https,403 Forbidden,,KR,Seoul,https://146.56.39.148:9527,ORACLE-BMC-31898
https://kimlv.duckdns.org:10000,146.56.173.92,10000,https,,kimlv.duckdns.org,KR,Seoul,https://kimlv.duckdns.org:10000,ORACLE-BMC-31898
https://193.122.115.67:4434,193.122.115.67,4434,https,403 Forbidden,,KR,Seoul,https://193.122.115.67:4434,ORACLE-BMC-31898
https://152.67.206.130:4432,152.67.206.130,4432,https,403 Forbidden,,KR,Chuncheon,https://152.67.206.130:4432,ORACLE-BMC-31898
https://193.122.115.67:4434,193.122.115.67,4434,https,,,KR,Seoul,https://193.122.115.67:4434,ORACLE-BMC-31898
https://146.56.138.244:10443,146.56.138.244,10443,https,,,KR,Seoul,https://146.56.138.244:10443,ORACLE-BMC-31898
131.186.20.230:4432,131.186.20.230,4432,http,,,KR,Seoul,http://131.186.20.230:4432,ORACLE-BMC-31898
https://152.67.206.130:4432,152.67.206.130,4432,https,,,KR,Chuncheon,https://152.67.206.130:4432,ORACLE-BMC-31898
https://131.186.20.230:4431,131.186.20.230,4431,https,,,KR,Seoul,https://131.186.20.230:4431,ORACLE-BMC-31898
https://193.123.253.225:4333,193.123.253.225,4333,https,,,KR,Seoul,https://193.123.253.225:4333,ORACLE-BMC-31898
152.70.244.236:587,152.70.244.236,587,http,,,KR,Seoul,http://152.70.244.236:587,ORACLE-BMC-31898
193.123.233.143:2083,193.123.233.143,2083,http,,,KR,Seoul,http://193.123.233.143:2083,ORACLE-BMC-31898
https://152.67.201.202:9999,152.67.201.202,9999,https,403 Forbidden,,KR,Chuncheon,https://152.67.201.202:9999,ORACLE-BMC-31898
https://146.56.173.92:10001,146.56.173.92,10001,https,403 Forbidden,,KR,Seoul,https://146.56.173.92:10001,ORACLE-BMC-31898
132.226.233.227:6666,132.226.233.227,6666,http,,,KR,Seoul,http://132.226.233.227:6666,ORACLE-BMC-31898
193.122.114.2:8181,193.122.114.2,8181,http,,,KR,Seoul,http://193.122.114.2:8181,ORACLE-BMC-31898
193.122.114.2:8181,193.122.114.2,8181,http,Claude,,KR,Seoul,http://193.122.114.2:8181,ORACLE-BMC-31898
131.186.30.44:2082,131.186.30.44,2082,http,,,KR,Seoul,http://131.186.30.44:2082,ORACLE-BMC-31898
https://129.154.206.215:8443,129.154.206.215,8443,https,403 Forbidden,,KR,Seoul,https://129.154.206.215:8443,ORACLE-BMC-31898
https://152.70.234.188:8443,152.70.234.188,8443,https,,,KR,Seoul,https://152.70.234.188:8443,ORACLE-BMC-31898
https://146.56.183.185:8443,146.56.183.185,8443,https,,,KR,Seoul,https://146.56.183.185:8443,ORACLE-BMC-31898
https://64.110.83.18:18264,64.110.83.18,18264,https,,,KR,Seoul,https://64.110.83.18:18264,ORACLE-BMC-31898
https://138.2.117.210:2082,138.2.117.210,2082,https,403 Forbidden,,KR,Chuncheon,https://138.2.117.210:2082,ORACLE-BMC-31898
131.186.30.44:2086,131.186.30.44,2086,http,,,KR,Seoul,http://131.186.30.44:2086,ORACLE-BMC-31898
140.238.10.181:3000,140.238.10.181,3000,http,AKTV 高清高速數碼電視轉播站,,KR,Seoul,http://140.238.10.181:3000,ORACLE-BMC-31898
152.67.212.251:3000,152.67.212.251,3000,http,AKTV 高清高速數碼電視轉播站,,KR,Chuncheon,http://152.67.212.251:3000,ORACLE-BMC-31898
https://193.123.253.225:4333,193.123.253.225,4333,https,403 Forbidden,,KR,Seoul,https://193.123.253.225:4333,ORACLE-BMC-31898
https://193.123.236.90:2096,193.123.236.90,2096,https,403 Forbidden,,KR,Seoul,https://193.123.236.90:2096,ORACLE-BMC-31898
https://132.226.228.13:4433,132.226.228.13,4433,https,403 Forbidden,,KR,Seoul,https://132.226.228.13:4433,ORACLE-BMC-31898
193.122.125.14:8880,193.122.125.14,8880,http,,,KR,Seoul,http://193.122.125.14:8880,ORACLE-BMC-31898
https://193.122.98.74:8080,193.122.98.74,8080,https,403 Forbidden,,KR,Seoul,https://193.122.98.74:8080,ORACLE-BMC-31898
146.56.41.69:4567,146.56.41.69,4567,http,,,KR,Seoul,http://146.56.41.69:4567,ORACLE-BMC-31898
https://140.238.10.54:4567,140.238.10.54,4567,https,403 Forbidden,,KR,Seoul,https://140.238.10.54:4567,ORACLE-BMC-31898
https://152.67.209.53:8443,152.67.209.53,8443,https,403 Forbidden,,KR,Chuncheon,https://152.67.209.53:8443,ORACLE-BMC-31898
193.122.113.135:88,193.122.113.135,88,http,,,KR,Seoul,http://193.122.113.135:88,ORACLE-BMC-31898
https://146.56.188.122:9444,146.56.188.122,9444,https,403 Forbidden,,KR,Seoul,https://146.56.188.122:9444,ORACLE-BMC-31898
158.180.82.228:1024,158.180.82.228,1024,http,AKTV 高清高速數碼電視轉播站,,KR,Chuncheon,http://158.180.82.228:1024,ORACLE-BMC-31898
https://193.123.251.50:8080,193.123.251.50,8080,https,403 Forbidden,,KR,Seoul,https://193.123.251.50:8080,ORACLE-BMC-31898
https://146.56.177.247:8080,146.56.177.247,8080,https,403 Forbidden,,KR,Seoul,https://146.56.177.247:8080,ORACLE-BMC-31898
140.238.8.180:8080,140.238.8.180,8080,http,,,KR,Seoul,http://140.238.8.180:8080,ORACLE-BMC-31898
https://132.226.238.191:10002,132.226.238.191,10002,https,403 Forbidden,,KR,Seoul,https://132.226.238.191:10002,ORACLE-BMC-31898
https://146.56.188.122:9444,146.56.188.122,9444,https,,,KR,Seoul,https://146.56.188.122:9444,ORACLE-BMC-31898
https://140.238.31.125:10443,140.238.31.125,10443,https,403 Forbidden,,KR,Seoul,https://140.238.31.125:10443,ORACLE-BMC-31898
https://146.56.183.185:8443,146.56.183.185,8443,https,403 Forbidden,,KR,Seoul,https://146.56.183.185:8443,ORACLE-BMC-31898
https://152.70.234.188:8443,152.70.234.188,8443,https,403 Forbidden,,KR,Seoul,https://152.70.234.188:8443,ORACLE-BMC-31898
132.145.90.129:8181,132.145.90.129,8181,http,Claude,,KR,Seoul,http://132.145.90.129:8181,ORACLE-BMC-31898
140.238.19.30:8181,140.238.19.30,8181,http,Claude,,KR,Seoul,http://140.238.19.30:8181,ORACLE-BMC-31898
146.56.133.140:2083,146.56.133.140,2083,http,,,KR,Seoul,http://146.56.133.140:2083,ORACLE-BMC-31898
www.1846363.xyz:3000,146.56.149.103,3000,http,AKTV 高清高速數碼電視轉播站,1846363.xyz,KR,Seoul,http://www.1846363.xyz:3000,ORACLE-BMC-31898
130.162.157.187:3000,130.162.157.187,3000,http,AKTV 高清高速數碼電視轉播站,,KR,Seoul,http://130.162.157.187:3000,ORACLE-BMC-31898
193.123.233.143:2096,193.123.233.143,2096,http,,,KR,Seoul,http://193.123.233.143:2096,ORACLE-BMC-31898
146.56.149.103:3000,146.56.149.103,3000,http,AKTV 高清高速數碼電視轉播站,,KR,Seoul,http://146.56.149.103:3000,ORACLE-BMC-31898
146.56.133.140:2096,146.56.133.140,2096,http,,,KR,Seoul,http://146.56.133.140:2096,ORACLE-BMC-31898
146.56.169.86:2086,146.56.169.86,2086,http,,,KR,Seoul,http://146.56.169.86:2086,ORACLE-BMC-31898
https://152.70.95.0:2096,152.70.95.0,2096,https,,,KR,Seoul,https://152.70.95.0:2096,ORACLE-BMC-31898
146.56.41.69:2086,146.56.41.69,2086,http,,,KR,Seoul,http://146.56.41.69:2086,ORACLE-BMC-31898
https://132.226.22.178:2096,132.226.22.178,2096,https,,,KR,Seoul,https://132.226.22.178:2096,ORACLE-BMC-31898
146.56.106.158:30002,146.56.106.158,30002,http,,,KR,Chuncheon,http://146.56.106.158:30002,ORACLE-BMC-31898
https://129.154.220.179:2096,129.154.220.179,2096,https,,,KR,Seoul,https://129.154.220.179:2096,ORACLE-BMC-31898
jgw2.wenxian.uno:3000,152.67.212.251,3000,http,AKTV 高清高速數碼電視轉播站,wenxian.uno,KR,Chuncheon,http://jgw2.wenxian.uno:3000,ORACLE-BMC-31898
146.56.134.229:1234,146.56.134.229,1234,http,,,KR,Seoul,http://146.56.134.229:1234,ORACLE-BMC-31898
https://131.186.27.106:2850,131.186.27.106,2850,https,403 Forbidden,,KR,Seoul,https://131.186.27.106:2850,ORACLE-BMC-31898
https://131.186.27.106:2850,131.186.27.106,2850,https,,,KR,Seoul,https://131.186.27.106:2850,ORACLE-BMC-31898
https://152.67.218.163:3333,152.67.218.163,3333,https,403 Forbidden,,KR,Chuncheon,https://152.67.218.163:3333,ORACLE-BMC-31898
https://152.67.218.163:3333,152.67.218.163,3333,https,,,KR,Chuncheon,https://152.67.218.163:3333,ORACLE-BMC-31898
193.122.113.135:18888,193.122.113.135,18888,http,,,KR,Seoul,http://193.122.113.135:18888,ORACLE-BMC-31898
193.122.113.135:88,193.122.113.135,88,http,,,KR,Seoul,http://193.122.113.135:88,ORACLE-BMC-31898
https://146.56.190.86:8887,146.56.190.86,8887,https,403 Forbidden,,KR,Seoul,https://146.56.190.86:8887,ORACLE-BMC-31898
https://146.56.190.86:8887,146.56.190.86,8887,https,,,KR,Seoul,https://146.56.190.86:8887,ORACLE-BMC-31898
https://152.67.210.61:1973,152.67.210.61,1973,https,403 Forbidden,,KR,Chuncheon,https://152.67.210.61:1973,ORACLE-BMC-31898
https://152.67.211.113:1973,152.67.211.113,1973,https,403 Forbidden,,KR,Chuncheon,https://152.67.211.113:1973,ORACLE-BMC-31898
https://152.67.211.113:1973,152.67.211.113,1973,https,,,KR,Chuncheon,https://152.67.211.113:1973,ORACLE-BMC-31898
https://152.67.210.61:1973,152.67.210.61,1973,https,,,KR,Chuncheon,https://152.67.210.61:1973,ORACLE-BMC-31898
or-aktv.888923.xyz:9527,193.123.240.4,9527,http,AKTV 高清高速數碼電視轉播站,888923.xyz,KR,Seoul,http://or-aktv.888923.xyz:9527,ORACLE-BMC-31898
193.123.240.4:9527,193.123.240.4,9527,http,AKTV 高清高速數碼電視轉播站,,KR,Seoul,http://193.123.240.4:9527,ORACLE-BMC-31898
https://146.56.173.92:10000,146.56.173.92,10000,https,403 Forbidden,,KR,Seoul,https://146.56.173.92:10000,ORACLE-BMC-31898
https://152.70.38.241:18443,152.70.38.241,18443,https,403 Forbidden,,KR,Seoul,https://152.70.38.241:18443,ORACLE-BMC-31898
https://152.70.38.241:18443,152.70.38.241,18443,https,,,KR,Seoul,https://152.70.38.241:18443,ORACLE-BMC-31898
193.122.113.135:887,193.122.113.135,887,http,,,KR,Seoul,http://193.122.113.135:887,ORACLE-BMC-31898
193.122.113.135:887,193.122.113.135,887,http,,,KR,Seoul,http://193.122.113.135:887,ORACLE-BMC-31898
https://146.56.173.92:10002,146.56.173.92,10002,https,403 Forbidden,,KR,Seoul,https://146.56.173.92:10002,ORACLE-BMC-31898
https://kimlv.duckdns.org:10002,146.56.173.92,10002,https,,kimlv.duckdns.org,KR,Seoul,https://kimlv.duckdns.org:10002,ORACLE-BMC-31898
https://132.226.17.114:2053,132.226.17.114,2053,https,403 Forbidden,,KR,Seoul,https://132.226.17.114:2053,ORACLE-BMC-31898
146.56.41.69:2052,146.56.41.69,2052,http,,,KR,Seoul,http://146.56.41.69:2052,ORACLE-BMC-31898
https://130.162.156.12:2053,130.162.156.12,2053,https,,,KR,Seoul,https://130.162.156.12:2053,ORACLE-BMC-31898
https://140.238.12.220:2053,140.238.12.220,2053,https,403 Forbidden,,KR,Seoul,https://140.238.12.220:2053,ORACLE-BMC-31898
152.70.236.195:30001,152.70.236.195,30001,http,,,KR,Seoul,http://152.70.236.195:30001,ORACLE-BMC-31898
158.180.90.110:3000,158.180.90.110,3000,http,AKTV 高清高速數碼電視轉播站,,KR,Chuncheon,http://158.180.90.110:3000,ORACLE-BMC-31898
do.niuyg.xyz:2086,146.56.169.86,2086,http,,niuyg.xyz,KR,Seoul,http://do.niuyg.xyz:2086,ORACLE-BMC-31898
https://138.2.112.77:2096,138.2.112.77,2096,https,403 Forbidden,,KR,Chuncheon,https://138.2.112.77:2096,ORACLE-BMC-31898
146.56.41.69:4567,146.56.41.69,4567,http,,,KR,Seoul,http://146.56.41.69:4567,ORACLE-BMC-31898
https://129.154.204.158:7100,129.154.204.158,7100,https,403 Forbidden,,KR,Seoul,https://129.154.204.158:7100,ORACLE-BMC-31898
https://129.154.204.158:7100,129.154.204.158,7100,https,,,KR,Seoul,https://129.154.204.158:7100,ORACLE-BMC-31898
https://146.56.160.64:8443,146.56.160.64,8443,https,403 Forbidden,,KR,Seoul,https://146.56.160.64:8443,ORACLE-BMC-31898
https://kansas.eu.org:2443,146.56.108.192,2443,https,,kansas.eu.org,KR,Chuncheon,https://kansas.eu.org:2443,ORACLE-BMC-31898
https://oracle.kansas.eu.org:2443,146.56.108.192,2443,https,Attention Required! | Cloudflare,kansas.eu.org,KR,Chuncheon,https://oracle.kansas.eu.org:2443,ORACLE-BMC-31898
https://152.67.211.36:58443,152.67.211.36,58443,https,,,KR,Chuncheon,https://152.67.211.36:58443,ORACLE-BMC-31898
https://146.56.108.192:2443,146.56.108.192,2443,https,403 Forbidden,,KR,Chuncheon,https://146.56.108.192:2443,ORACLE-BMC-31898
https://oracle.kansas.eu.org:2443,146.56.108.192,2443,https,,kansas.eu.org,KR,Chuncheon,https://oracle.kansas.eu.org:2443,ORACLE-BMC-31898
https://146.56.108.192:2443,146.56.108.192,2443,https,,,KR,Chuncheon,https://146.56.108.192:2443,ORACLE-BMC-31898
https://kansas.eu.org:2443,146.56.108.192,2443,https,,kansas.eu.org,KR,Chuncheon,https://kansas.eu.org:2443,ORACLE-BMC-31898
https://129.154.217.172:3306,129.154.217.172,3306,https,403 Forbidden,,KR,Seoul,https://129.154.217.172:3306,ORACLE-BMC-31898
146.56.117.129:58888,146.56.117.129,58888,http,,,KR,Chuncheon,http://146.56.117.129:58888,ORACLE-BMC-31898
146.56.117.129:58888,146.56.117.129,58888,http,,,KR,Chuncheon,http://146.56.117.129:58888,ORACLE-BMC-31898
https://129.154.57.220:50050,129.154.57.220,50050,https,403 Forbidden,,KR,Chuncheon,https://129.154.57.220:50050,ORACLE-BMC-31898
https://129.154.57.220:50050,129.154.57.220,50050,https,,,KR,Chuncheon,https://129.154.57.220:50050,ORACLE-BMC-31898
131.186.19.112:2082,131.186.19.112,2082,http,,,KR,Seoul,http://131.186.19.112:2082,ORACLE-BMC-31898
130.162.144.130:3333,130.162.144.130,3333,http,,,KR,Seoul,http://130.162.144.130:3333,ORACLE-BMC-31898
https://146.56.138.244:10443,146.56.138.244,10443,https,野生吧备用云盘,,KR,Seoul,https://146.56.138.244:10443,ORACLE-BMC-31898
131.186.19.112:2052,131.186.19.112,2052,http,,,KR,Seoul,http://131.186.19.112:2052,ORACLE-BMC-31898
https://132.145.83.173:2053,132.145.83.173,2053,https,,,KR,Seoul,https://132.145.83.173:2053,ORACLE-BMC-31898
131.186.19.112:2083,131.186.19.112,2083,http,,,KR,Seoul,http://131.186.19.112:2083,ORACLE-BMC-31898
146.56.117.129:2052,146.56.117.129,2052,http,,,KR,Chuncheon,http://146.56.117.129:2052,ORACLE-BMC-31898
131.186.19.112:4433,131.186.19.112,4433,http,,,KR,Seoul,http://131.186.19.112:4433,ORACLE-BMC-31898
a.tuta.us.kg:4433,131.186.19.112,4433,http,,us.kg,KR,Seoul,http://a.tuta.us.kg:4433,ORACLE-BMC-31898
131.186.19.112:2086,131.186.19.112,2086,http,,,KR,Seoul,http://131.186.19.112:2086,ORACLE-BMC-31898
131.186.19.112:2086,131.186.19.112,2086,http,,,KR,Seoul,http://131.186.19.112:2086,ORACLE-BMC-31898
152.70.236.252:3000,152.70.236.252,3000,http,,,KR,Seoul,http://152.70.236.252:3000,ORACLE-BMC-31898
131.186.30.44:1443,131.186.30.44,1443,http,,,KR,Seoul,http://131.186.30.44:1443,ORACLE-BMC-31898
https://158.180.80.172:3333,158.180.80.172,3333,https,403 Forbidden,,KR,Chuncheon,https://158.180.80.172:3333,ORACLE-BMC-31898
https://158.180.80.172:3333,158.180.80.172,3333,https,,,KR,Chuncheon,https://158.180.80.172:3333,ORACLE-BMC-31898
https://193.122.106.196:9,193.122.106.196,9,https,403 Forbidden,,KR,Seoul,https://193.122.106.196:9,ORACLE-BMC-31898
https://193.122.106.196:9,193.122.106.196,9,https,,,KR,Seoul,https://193.122.106.196:9,ORACLE-BMC-31898
https://146.56.113.222:10086,146.56.113.222,10086,https,403 Forbidden,,KR,Chuncheon,https://146.56.113.222:10086,ORACLE-BMC-31898
https://146.56.113.222:10086,146.56.113.222,10086,https,,,KR,Chuncheon,https://146.56.113.222:10086,ORACLE-BMC-31898
https://130.162.150.130:444,130.162.150.130,444,https,403 Forbidden,,KR,Seoul,https://130.162.150.130:444,ORACLE-BMC-31898
https://129.154.192.139:8848,129.154.192.139,8848,https,403 Forbidden,,KR,Seoul,https://129.154.192.139:8848,ORACLE-BMC-31898
https://129.154.192.139:8848,129.154.192.139,8848,https,,,KR,Seoul,https://129.154.192.139:8848,ORACLE-BMC-31898
144.24.83.39:54321,144.24.83.39,54321,http,,,KR,Chuncheon,http://144.24.83.39:54321,ORACLE-BMC-31898
https://130.162.150.130:444,130.162.150.130,444,https,,,KR,Seoul,https://130.162.150.130:444,ORACLE-BMC-31898
131.186.19.112:2052,131.186.19.112,2052,http,,,KR,Seoul,http://131.186.19.112:2052,ORACLE-BMC-31898
131.186.19.112:2082,131.186.19.112,2082,http,,,KR,Seoul,http://131.186.19.112:2082,ORACLE-BMC-31898
https://130.162.156.12:2053,130.162.156.12,2053,https,403 Forbidden,,KR,Seoul,https://130.162.156.12:2053,ORACLE-BMC-31898
https://146.56.42.132:5555,146.56.42.132,5555,https,,,KR,Seoul,https://146.56.42.132:5555,ORACLE-BMC-31898
https://129.154.220.179:2096,129.154.220.179,2096,https,403 Forbidden,,KR,Seoul,https://129.154.220.179:2096,ORACLE-BMC-31898
https://132.226.22.178:2096,132.226.22.178,2096,https,403 Forbidden,,KR,Seoul,https://132.226.22.178:2096,ORACLE-BMC-31898
https://158.180.68.13:20002,158.180.68.13,20002,https,403 Forbidden,,KR,Chuncheon,https://158.180.68.13:20002,ORACLE-BMC-31898
158.180.68.13:20002,158.180.68.13,20002,http,,,KR,Chuncheon,http://158.180.68.13:20002,ORACLE-BMC-31898
https://138.2.122.57:8880,138.2.122.57,8880,https,403 Forbidden,,KR,Chuncheon,https://138.2.122.57:8880,ORACLE-BMC-31898
193.123.246.134:8000,193.123.246.134,8000,http,,,KR,Seoul,http://193.123.246.134:8000,ORACLE-BMC-31898
https://www.917520.xyz:8880,193.123.253.199,8880,https,Attention Required! | Cloudflare,917520.xyz,KR,Seoul,https://www.917520.xyz:8880,ORACLE-BMC-31898
https://917520.xyz:8880,193.123.253.199,8880,https,,917520.xyz,KR,Seoul,https://917520.xyz:8880,ORACLE-BMC-31898
https://127alist.917520.xyz:8880,193.123.253.199,8880,https,,917520.xyz,KR,Seoul,https://127alist.917520.xyz:8880,ORACLE-BMC-31898
https://193.123.253.199:8880,193.123.253.199,8880,https,,,KR,Seoul,https://193.123.253.199:8880,ORACLE-BMC-31898
https://127alist.917520.xyz:8880,193.123.253.199,8880,https,,917520.xyz,KR,Seoul,https://127alist.917520.xyz:8880,ORACLE-BMC-31898
https://917520.xyz:8880,193.123.253.199,8880,https,,917520.xyz,KR,Seoul,https://917520.xyz:8880,ORACLE-BMC-31898
https://www.917520.xyz:8880,193.123.253.199,8880,https,,917520.xyz,KR,Seoul,https://www.917520.xyz:8880,ORACLE-BMC-31898
64.110.71.172:8000,64.110.71.172,8000,http,Attention Required! | Cloudflare,,KR,Seoul,http://64.110.71.172:8000,ORACLE-BMC-31898
64.110.71.172:8000,64.110.71.172,8000,http,,,KR,Seoul,http://64.110.71.172:8000,ORACLE-BMC-31898
158.180.68.145:587,158.180.68.145,587,http,,,KR,Chuncheon,http://158.180.68.145:587,ORACLE-BMC-31898
https://kimlv.duckdns.org:10002,146.56.173.92,10002,https,403 Forbidden,kimlv.duckdns.org,KR,Seoul,https://kimlv.duckdns.org:10002,ORACLE-BMC-31898
131.186.18.138:2083,131.186.18.138,2083,http,,,KR,Seoul,http://131.186.18.138:2083,ORACLE-BMC-31898
https://132.226.22.3:9999,132.226.22.3,9999,https,403 Forbidden,,KR,Seoul,https://132.226.22.3:9999,ORACLE-BMC-31898
https://146.56.40.14:2024,146.56.40.14,2024,https,403 Forbidden,,KR,Seoul,https://146.56.40.14:2024,ORACLE-BMC-31898
https://146.56.40.14:2024,146.56.40.14,2024,https,,,KR,Seoul,https://146.56.40.14:2024,ORACLE-BMC-31898
https://152.70.95.0:2096,152.70.95.0,2096,https,403 Forbidden,,KR,Seoul,https://152.70.95.0:2096,ORACLE-BMC-31898
131.186.18.138:2086,131.186.18.138,2086,http,,,KR,Seoul,http://131.186.18.138:2086,ORACLE-BMC-31898
131.186.18.138:2086,131.186.18.138,2086,http,,,KR,Seoul,http://131.186.18.138:2086,ORACLE-BMC-31898
131.186.18.138:4433,131.186.18.138,4433,http,,,KR,Seoul,http://131.186.18.138:4433,ORACLE-BMC-31898
https://8.220.240.21:3001,8.220.240.21,3001,https,,,KR,Seoul,https://8.220.240.21:3001,"Alibaba US Technology Co., Ltd."
193.122.100.30:8880,193.122.100.30,8880,http,,,KR,Seoul,http://193.122.100.30:8880,ORACLE-BMC-31898
https://146.56.188.122:5443,146.56.188.122,5443,https,403 Forbidden,,KR,Seoul,https://146.56.188.122:5443,ORACLE-BMC-31898
https://146.56.188.122:5443,146.56.188.122,5443,https,,,KR,Seoul,https://146.56.188.122:5443,ORACLE-BMC-31898
https://kimlv.duckdns.org:10001,146.56.173.92,10001,https,403 Forbidden,kimlv.duckdns.org,KR,Seoul,https://kimlv.duckdns.org:10001,ORACLE-BMC-31898
https://150.230.252.47:50051,150.230.252.47,50051,https,403 Forbidden,,KR,Chuncheon,https://150.230.252.47:50051,ORACLE-BMC-31898
https://150.230.252.47:50051,150.230.252.47,50051,https,,,KR,Chuncheon,https://150.230.252.47:50051,ORACLE-BMC-31898
131.186.31.205:8080,131.186.31.205,8080,http,,,KR,Seoul,http://131.186.31.205:8080,ORACLE-BMC-31898
146.56.156.80:2086,146.56.156.80,2086,http,,,KR,Seoul,http://146.56.156.80:2086,ORACLE-BMC-31898
146.56.156.80:2086,146.56.156.80,2086,http,,,KR,Seoul,http://146.56.156.80:2086,ORACLE-BMC-31898
146.56.156.80:2082,146.56.156.80,2082,http,,,KR,Seoul,http://146.56.156.80:2082,ORACLE-BMC-31898
146.56.156.80:2082,146.56.156.80,2082,http,,,KR,Seoul,http://146.56.156.80:2082,ORACLE-BMC-31898
https://193.122.105.28:8443,193.122.105.28,8443,https,,,KR,Seoul,https://193.122.105.28:8443,ORACLE-BMC-31898
193.123.237.122:2052,193.123.237.122,2052,http,,,KR,Seoul,http://193.123.237.122:2052,ORACLE-BMC-31898
193.123.237.122:2052,193.123.237.122,2052,http,,,KR,Seoul,http://193.123.237.122:2052,ORACLE-BMC-31898
146.56.172.216:39001,146.56.172.216,39001,http,,,KR,Seoul,http://146.56.172.216:39001,ORACLE-BMC-31898
193.123.237.122:2083,193.123.237.122,2083,http,,,KR,Seoul,http://193.123.237.122:2083,ORACLE-BMC-31898
146.56.117.129:2052,146.56.117.129,2052,http,,,KR,Chuncheon,http://146.56.117.129:2052,ORACLE-BMC-31898
144.24.76.213:2052,144.24.76.213,2052,http,,,KR,Chuncheon,http://144.24.76.213:2052,ORACLE-BMC-31898
kimlv.duckdns.org:10001,146.56.173.92,10001,http,,kimlv.duckdns.org,KR,Seoul,http://kimlv.duckdns.org:10001,ORACLE-BMC-31898
132.226.19.151:8080,132.226.19.151,8080,http,,,KR,Seoul,http://132.226.19.151:8080,ORACLE-BMC-31898
193.122.100.30:2053,193.122.100.30,2053,http,,,KR,Seoul,http://193.122.100.30:2053,ORACLE-BMC-31898
https://140.238.28.155:21246,140.238.28.155,21246,https,403 Forbidden,,KR,Seoul,https://140.238.28.155:21246,ORACLE-BMC-31898
https://140.238.28.155:21246,140.238.28.155,21246,https,,,KR,Seoul,https://140.238.28.155:21246,ORACLE-BMC-31898
152.70.39.199:2082,152.70.39.199,2082,http,,,KR,Seoul,http://152.70.39.199:2082,ORACLE-BMC-31898
cf1.wdlzgg.fun:4567,146.56.41.69,4567,http,,wdlzgg.fun,KR,Seoul,http://cf1.wdlzgg.fun:4567,ORACLE-BMC-31898
152.70.39.199:4433,152.70.39.199,4433,http,,,KR,Seoul,http://152.70.39.199:4433,ORACLE-BMC-31898
152.70.39.199:2086,152.70.39.199,2086,http,,,KR,Seoul,http://152.70.39.199:2086,ORACLE-BMC-31898
https://132.145.82.115:8866,132.145.82.115,8866,https,403 Forbidden,,KR,Seoul,https://132.145.82.115:8866,ORACLE-BMC-31898
https://132.145.82.115:8866,132.145.82.115,8866,https,,,KR,Seoul,https://132.145.82.115:8866,ORACLE-BMC-31898
cf1.wdlzgg.fun:4567,146.56.41.69,4567,http,,wdlzgg.fun,KR,Seoul,http://cf1.wdlzgg.fun:4567,ORACLE-BMC-31898
152.67.197.106:28443,152.67.197.106,28443,http,,,KR,Chuncheon,http://152.67.197.106:28443,ORACLE-BMC-31898
https://193.123.253.199:8880,193.123.253.199,8880,https,403 Forbidden,,KR,Seoul,https://193.123.253.199:8880,ORACLE-BMC-31898
https://132.226.236.93:8888,132.226.236.93,8888,https,,,KR,Seoul,https://132.226.236.93:8888,ORACLE-BMC-31898
https://140.238.29.150:10000,140.238.29.150,10000,https,,,KR,Seoul,https://140.238.29.150:10000,ORACLE-BMC-31898
https://140.238.29.150:10002,140.238.29.150,10002,https,,,KR,Seoul,https://140.238.29.150:10002,ORACLE-BMC-31898
152.70.39.199:2083,152.70.39.199,2083,http,,,KR,Seoul,http://152.70.39.199:2083,ORACLE-BMC-31898
https://132.145.81.9:3306,132.145.81.9,3306,https,403 Forbidden,,KR,Seoul,https://132.145.81.9:3306,ORACLE-BMC-31898
https://132.145.81.9:3306,132.145.81.9,3306,https,,,KR,Seoul,https://132.145.81.9:3306,ORACLE-BMC-31898
193.122.100.30:2082,193.122.100.30,2082,http,,,KR,Seoul,http://193.122.100.30:2082,ORACLE-BMC-31898
193.122.100.30:2082,193.122.100.30,2082,http,,,KR,Seoul,http://193.122.100.30:2082,ORACLE-BMC-31898
152.70.39.199:2052,152.70.39.199,2052,http,,,KR,Seoul,http://152.70.39.199:2052,ORACLE-BMC-31898
152.70.39.199:2082,152.70.39.199,2082,http,,,KR,Seoul,http://152.70.39.199:2082,ORACLE-BMC-31898
193.122.109.136:8443,193.122.109.136,8443,http,,,KR,Seoul,http://193.122.109.136:8443,ORACLE-BMC-31898
140.238.29.150:10001,140.238.29.150,10001,http,,,KR,Seoul,http://140.238.29.150:10001,ORACLE-BMC-31898
152.70.39.199:2052,152.70.39.199,2052,http,,,KR,Seoul,http://152.70.39.199:2052,ORACLE-BMC-31898
152.70.39.199:2086,152.70.39.199,2086,http,,,KR,Seoul,http://152.70.39.199:2086,ORACLE-BMC-31898
https://193.123.253.18:8081,193.123.253.18,8081,https,403 Forbidden,,KR,Seoul,https://193.123.253.18:8081,ORACLE-BMC-31898
https://193.123.253.18:8081,193.123.253.18,8081,https,,,KR,Seoul,https://193.123.253.18:8081,ORACLE-BMC-31898
193.123.232.218:2086,193.123.232.218,2086,http,,,KR,Seoul,http://193.123.232.218:2086,ORACLE-BMC-31898
193.122.100.30:8880,193.122.100.30,8880,http,,,KR,Seoul,http://193.122.100.30:8880,ORACLE-BMC-31898
https://152.70.93.226:3306,152.70.93.226,3306,https,403 Forbidden,,KR,Seoul,https://152.70.93.226:3306,ORACLE-BMC-31898
https://152.70.93.226:3306,152.70.93.226,3306,https,,,KR,Seoul,https://152.70.93.226:3306,ORACLE-BMC-31898
https://146.56.140.79:25010,146.56.140.79,25010,https,403 Forbidden,,KR,Seoul,https://146.56.140.79:25010,ORACLE-BMC-31898
https://146.56.140.79:25010,146.56.140.79,25010,https,,,KR,Seoul,https://146.56.140.79:25010,ORACLE-BMC-31898
129.154.209.32:10443,129.154.209.32,10443,http,,,KR,Seoul,http://129.154.209.32:10443,ORACLE-BMC-31898
146.56.135.88:2053,146.56.135.88,2053,http,,,KR,Seoul,http://146.56.135.88:2053,ORACLE-BMC-31898
https://140.238.29.150:10001,140.238.29.150,10001,https,403 Forbidden,,KR,Seoul,https://140.238.29.150:10001,ORACLE-BMC-31898
193.123.232.218:2082,193.123.232.218,2082,http,,,KR,Seoul,http://193.123.232.218:2082,ORACLE-BMC-31898
193.123.232.218:2082,193.123.232.218,2082,http,,,KR,Seoul,http://193.123.232.218:2082,ORACLE-BMC-31898
144.24.76.213:2052,144.24.76.213,2052,http,,,KR,Chuncheon,http://144.24.76.213:2052,ORACLE-BMC-31898
193.123.232.218:2086,193.123.232.218,2086,http,,,KR,Seoul,http://193.123.232.218:2086,ORACLE-BMC-31898
146.56.135.88:2086,146.56.135.88,2086,http,,,KR,Seoul,http://146.56.135.88:2086,ORACLE-BMC-31898
146.56.135.88:8880,146.56.135.88,8880,http,,,KR,Seoul,http://146.56.135.88:8880,ORACLE-BMC-31898
146.56.135.88:8880,146.56.135.88,8880,http,,,KR,Seoul,http://146.56.135.88:8880,ORACLE-BMC-31898
https://144.24.84.29:10101,144.24.84.29,10101,https,403 Forbidden,,KR,Chuncheon,https://144.24.84.29:10101,ORACLE-BMC-31898
https://144.24.84.29:10101,144.24.84.29,10101,https,,,KR,Chuncheon,https://144.24.84.29:10101,ORACLE-BMC-31898
https://193.122.98.131:3306,193.122.98.131,3306,https,,,KR,Seoul,https://193.122.98.131:3306,ORACLE-BMC-31898
https://193.122.98.131:3306,193.122.98.131,3306,https,403 Forbidden,,KR,Seoul,https://193.122.98.131:3306,ORACLE-BMC-31898
146.56.170.37:4567,146.56.170.37,4567,http,,,KR,Seoul,http://146.56.170.37:4567,ORACLE-BMC-31898
146.56.170.37:4567,146.56.170.37,4567,http,,,KR,Seoul,http://146.56.170.37:4567,ORACLE-BMC-31898
https://8.220.240.21:3001,8.220.240.21,3001,https,403 Forbidden,,KR,Seoul,https://8.220.240.21:3001,"Alibaba US Technology Co., Ltd."
https://152.69.234.137:12199,152.69.234.137,12199,https,,,KR,Chuncheon,https://152.69.234.137:12199,ORACLE-BMC-31898
https://152.69.234.137:12199,152.69.234.137,12199,https,403 Forbidden,,KR,Chuncheon,https://152.69.234.137:12199,ORACLE-BMC-31898
https://158.180.79.16:12199,158.180.79.16,12199,https,,,KR,Chuncheon,https://158.180.79.16:12199,ORACLE-BMC-31898
https://158.180.79.16:12199,158.180.79.16,12199,https,403 Forbidden,,KR,Chuncheon,https://158.180.79.16:12199,ORACLE-BMC-31898
https://146.56.134.229:1234,146.56.134.229,1234,https,403 Forbidden,,KR,Seoul,https://146.56.134.229:1234,ORACLE-BMC-31898
193.122.125.236:2053,193.122.125.236,2053,http,,,KR,Seoul,http://193.122.125.236:2053,ORACLE-BMC-31898
64.110.83.80:2052,64.110.83.80,2052,http,,,KR,Seoul,http://64.110.83.80:2052,ORACLE-BMC-31898
64.110.83.80:2052,64.110.83.80,2052,http,,,KR,Seoul,http://64.110.83.80:2052,ORACLE-BMC-31898
193.122.125.236:2052,193.122.125.236,2052,http,,,KR,Seoul,http://193.122.125.236:2052,ORACLE-BMC-31898
